id,first_name,last_name,email,gender,ip_address
1,Anna,Johnston,ajohnston0@drupal.org,Female,134.85.192.186
2,Ralph,Stephens,rstephens1@squidoo.com,Male,158.206.62.193
3,Raymond,Williams,rwilliams2@yahoo.co.jp,Male,89.95.119.116
4,Joseph,Knight,jknight3@umn.edu,Male,145.243.219.145
5,Linda,West,lwest4@purevolume.com,Female,57.15.99.75
6,Lois,Harper,lharper5@intel.com,Female,212.175.150.218
7,Amy,Fuller,afuller6@abc.net.au,Female,162.60.118.119
8,Cheryl,Fowler,cfowler7@xrea.com,Female,158.96.75.34
9,Aaron,Warren,awarren8@virginia.edu,Male,3.123.209.115
10,Peter,Wagner,pwagner9@addthis.com,Male,62.201.219.101
11,Joe,Woods,jwoodsa@eventbrite.com,Male,246.34.20.120
12,Pamela,Thompson,pthompsonb@wsj.com,Female,28.192.170.66
13,Ralph,Lynch,rlynchc@microsoft.com,Male,118.172.96.202
14,Willie,Dixon,wdixond@trellian.com,Male,53.22.114.149
15,Matthew,Sims,msimse@opera.com,Male,157.90.14.139
16,Randy,Lopez,rlopezf@cbsnews.com,Male,5.95.255.211
17,Jane,Bennett,jbennettg@t-online.de,Female,251.4.84.194
18,Ryan,Johnston,rjohnstonh@whitehouse.gov,Male,102.26.42.24
19,Jennifer,Long,jlongi@comsenz.com,Female,79.119.208.142
20,Scott,Shaw,sshawj@goodreads.com,Male,158.1.149.187
21,Joe,Rice,jricek@quantcast.com,Male,41.144.73.149
22,Diane,Ryan,dryanl@mysql.com,Female,246.214.243.188
23,Jason,Coleman,jcolemanm@a8.net,Male,82.60.105.112
24,Anne,Bryant,abryantn@discovery.com,Female,213.212.224.46
25,Gregory,Perkins,gperkinso@hexun.com,Male,76.177.94.43
26,Martin,Johnston,mjohnstonp@is.gd,Male,68.183.242.230
27,Janet,Jackson,jjacksonq@google.nl,Female,248.162.110.176
28,Evelyn,Medina,emedinar@businessweek.com,Female,83.119.7.215
29,Steve,Patterson,spattersons@sourceforge.net,Male,178.160.71.178
30,Judy,Wagner,jwagnert@bluehost.com,Female,105.236.49.153
31,Harry,Mccoy,hmccoyu@google.ru,Male,155.246.85.197
32,Eugene,Knight,eknightv@phoca.cz,Male,235.103.20.7
33,Linda,Rose,lrosew@twitter.com,Female,98.163.74.20
34,Joyce,Matthews,jmatthewsx@umn.edu,Female,3.242.192.88
35,Douglas,Alexander,dalexandery@unicef.org,Male,51.247.130.169
36,Craig,Wood,cwoodz@macromedia.com,Male,100.65.207.73
37,Justin,Reid,jreid10@census.gov,Male,71.203.1.151
38,Keith,Reid,kreid11@bbc.co.uk,Male,198.218.68.136
39,Gerald,Kelly,gkelly12@mayoclinic.com,Male,229.13.121.192
40,Bobby,Spencer,bspencer13@gravatar.com,Male,150.227.3.46
41,Douglas,White,dwhite14@163.com,Male,116.8.129.243
42,Evelyn,Ross,eross15@quantcast.com,Female,115.187.67.112
43,Martha,Ross,mross16@netlog.com,Female,88.66.101.146
44,Heather,Stone,hstone17@goo.gl,Female,51.122.17.87
45,Henry,Rodriguez,hrodriguez18@ocn.ne.jp,Male,123.173.212.50
46,Bonnie,Ryan,bryan19@berkeley.edu,Female,215.118.248.40
47,Jane,Harper,jharper1a@cbsnews.com,Female,52.0.3.89
48,Earl,Howell,ehowell1b@buzzfeed.com,Male,17.57.103.41
49,Brenda,Fields,bfields1c@blog.com,Female,134.65.42.5
50,Laura,Medina,lmedina1d@upenn.edu,Female,46.85.151.64
51,Evelyn,Robinson,erobinson1e@google.com.hk,Female,133.228.112.245
52,Kathy,Lynch,klynch1f@unicef.org,Female,22.132.253.122
53,Daniel,Romero,dromero1g@ow.ly,Male,26.154.200.25
54,Heather,Lewis,hlewis1h@tmall.com,Female,8.226.3.202
55,Edward,Frazier,efrazier1i@tumblr.com,Male,238.2.178.123
56,Walter,James,wjames1j@g.co,Male,178.13.219.195
57,Martin,Alvarez,malvarez1k@surveymonkey.com,Male,5.157.62.130
58,Randy,Robinson,rrobinson1l@networksolutions.com,Male,166.123.163.40
59,Alan,Fields,afields1m@wunderground.com,Male,195.164.69.109
60,Henry,Rose,hrose1n@businessweek.com,Male,74.65.200.130
61,Phillip,Little,plittle1o@webs.com,Male,201.126.90.220
62,Thomas,Tucker,ttucker1p@behance.net,Male,13.101.196.131
63,Joe,Hicks,jhicks1q@shareasale.com,Male,156.248.224.225
64,Dorothy,Torres,dtorres1r@jiathis.com,Female,246.218.65.25
65,Amy,Schmidt,aschmidt1s@cornell.edu,Female,118.216.12.28
66,Howard,Gonzalez,hgonzalez1t@creativecommons.org,Male,107.0.62.215
67,Denise,Kelley,dkelley1u@bbc.co.uk,Female,196.53.24.166
68,Cynthia,Howell,chowell1v@prlog.org,Female,226.226.211.250
69,Craig,Mitchell,cmitchell1w@oracle.com,Male,253.84.46.152
70,Sara,Fisher,sfisher1x@ted.com,Female,137.214.79.146
71,Joseph,Owens,jowens1y@go.com,Male,77.61.193.237
72,Russell,Long,rlong1z@google.pl,Male,112.44.144.3
73,Kenneth,Lynch,klynch20@marketwatch.com,Male,94.12.37.65
74,Robert,Baker,rbaker21@usatoday.com,Male,15.226.210.224
75,Stephanie,Burns,sburns22@redcross.org,Female,7.48.6.144
76,Henry,Foster,hfoster23@nymag.com,Male,83.231.130.99
77,Amy,Jackson,ajackson24@imageshack.us,Female,115.76.185.122
78,Clarence,Mccoy,cmccoy25@sourceforge.net,Male,127.8.168.237
79,Shirley,Day,sday26@constantcontact.com,Female,92.15.207.111
80,Walter,Ferguson,wferguson27@g.co,Male,82.233.145.176
81,Daniel,Day,dday28@timesonline.co.uk,Male,112.98.182.132
82,Dorothy,Cunningham,dcunningham29@cam.ac.uk,Female,242.134.74.137
83,Carol,Lane,clane2a@youku.com,Female,177.66.54.186
84,David,Frazier,dfrazier2b@go.com,Male,63.123.192.113
85,Stephen,Cunningham,scunningham2c@twitpic.com,Male,124.86.32.144
86,Irene,Ray,iray2d@skype.com,Female,10.173.238.220
87,Eric,Kelly,ekelly2e@istockphoto.com,Male,62.112.133.31
88,Ernest,Brooks,ebrooks2f@google.com.au,Male,232.21.226.237
89,Victor,Romero,vromero2g@army.mil,Male,89.226.8.125
90,Beverly,Adams,badams2h@tinypic.com,Female,67.66.132.124
91,Lori,Moreno,lmoreno2i@google.com,Female,7.40.100.119
92,Kimberly,Carter,kcarter2j@blogtalkradio.com,Female,188.101.90.18
93,Julie,Mccoy,jmccoy2k@last.fm,Female,241.37.51.81
94,Christine,Garza,cgarza2l@blogger.com,Female,17.238.2.78
95,Gary,Walker,gwalker2m@hugedomains.com,Male,40.141.248.73
96,Frank,Lopez,flopez2n@dailymotion.com,Male,151.84.80.174
97,John,Ruiz,jruiz2o@1und1.de,Male,239.252.154.60
98,Lois,Riley,lriley2p@gravatar.com,Female,172.106.109.113
99,Marie,Howell,mhowell2q@bbc.co.uk,Female,98.32.69.118
100,Harold,Boyd,hboyd2r@google.es,Male,60.178.254.110
101,Tina,Richardson,trichardson2s@oakley.com,Female,214.49.150.131
102,Susan,Edwards,sedwards2t@jalbum.net,Female,95.103.43.21
103,Terry,Garrett,tgarrett2u@upenn.edu,Male,30.6.140.46
104,Lori,Murray,lmurray2v@apache.org,Female,188.69.188.5
105,Sean,Mccoy,smccoy2w@odnoklassniki.ru,Male,56.191.81.46
106,Wanda,Henderson,whenderson2x@topsy.com,Female,40.116.61.156
107,Samuel,Rodriguez,srodriguez2y@redcross.org,Male,202.172.246.169
108,Cynthia,Washington,cwashington2z@princeton.edu,Female,57.206.1.193
109,Robin,Spencer,rspencer30@jimdo.com,Female,43.225.87.217
110,Nancy,Burke,nburke31@soundcloud.com,Female,176.194.228.3
111,Benjamin,Jacobs,bjacobs32@businessinsider.com,Male,91.68.99.154
112,Tammy,Little,tlittle33@va.gov,Female,59.6.42.165
113,Melissa,Holmes,mholmes34@cdc.gov,Female,250.43.112.185
114,Gregory,Watkins,gwatkins35@cam.ac.uk,Male,73.85.88.20
115,Walter,Berry,wberry36@fema.gov,Male,215.235.63.43
116,Julia,Rivera,jrivera37@bandcamp.com,Female,10.111.73.15
117,Katherine,Frazier,kfrazier38@nationalgeographic.com,Female,152.139.210.81
118,Diana,Elliott,delliott39@huffingtonpost.com,Female,30.64.157.67
119,Michael,Andrews,mandrews3a@gizmodo.com,Male,100.95.42.254
120,Martha,Garza,mgarza3b@eventbrite.com,Female,35.2.68.10
121,Joyce,Oliver,joliver3c@cisco.com,Female,95.204.255.229
122,Daniel,Flores,dflores3d@tripadvisor.com,Male,79.52.22.212
123,Jonathan,Morris,jmorris3e@vistaprint.com,Male,62.67.229.215
124,Janice,Morgan,jmorgan3f@cbc.ca,Female,77.31.3.20
125,Jeremy,Chavez,jchavez3g@walmart.com,Male,239.234.208.116
126,Kenneth,Coleman,kcoleman3h@hexun.com,Male,99.200.12.103
127,Mary,Anderson,manderson3i@marriott.com,Female,97.188.65.27
128,Stephanie,Nichols,snichols3j@blogtalkradio.com,Female,152.254.46.251
129,Shirley,George,sgeorge3k@toplist.cz,Female,127.112.61.21
130,Lois,Fuller,lfuller3l@sogou.com,Female,118.252.232.227
131,Peter,Larson,plarson3m@nyu.edu,Male,251.250.134.0
132,Ann,Stewart,astewart3n@dedecms.com,Female,183.195.3.250
133,Amanda,Jacobs,ajacobs3o@vinaora.com,Female,132.25.52.9
134,Steve,Lopez,slopez3p@patch.com,Male,177.209.23.39
135,Martha,Washington,mwashington3q@alexa.com,Female,168.162.18.98
136,Janet,Carroll,jcarroll3r@acquirethisname.com,Female,13.62.62.111
137,Chris,Miller,cmiller3s@hostgator.com,Male,93.177.132.48
138,Diane,Kelley,dkelley3t@berkeley.edu,Female,180.114.83.175
139,Joe,Webb,jwebb3u@dropbox.com,Male,146.246.139.51
140,Shirley,Allen,sallen3v@toplist.cz,Female,200.0.132.19
141,Roy,Dunn,rdunn3w@buzzfeed.com,Male,205.138.234.254
142,Annie,Little,alittle3x@eepurl.com,Female,189.113.248.63
143,Judith,Watkins,jwatkins3y@ning.com,Female,143.178.138.155
144,Christopher,Morris,cmorris3z@webmd.com,Male,136.159.184.68
145,Scott,Hunter,shunter40@tuttocitta.it,Male,88.13.243.202
146,Beverly,Ferguson,bferguson41@behance.net,Female,187.234.185.25
147,Rose,Willis,rwillis42@npr.org,Female,34.77.142.154
148,Ernest,Freeman,efreeman43@scribd.com,Male,130.105.54.4
149,Catherine,Martinez,cmartinez44@yellowpages.com,Female,190.69.239.25
150,Bonnie,Morales,bmorales45@w3.org,Female,39.190.179.60
151,Russell,Patterson,rpatterson46@go.com,Male,95.47.79.62
152,Craig,Lawrence,clawrence47@phoca.cz,Male,205.46.253.218
153,Beverly,Ferguson,bferguson48@discovery.com,Female,80.114.198.5
154,Donald,Ward,dward49@google.com,Male,151.210.15.255
155,Frank,Nguyen,fnguyen4a@virginia.edu,Male,94.93.239.253
156,Larry,Vasquez,lvasquez4b@feedburner.com,Male,59.161.58.85
157,Sara,Simmons,ssimmons4c@guardian.co.uk,Female,101.177.32.65
158,Thomas,Martin,tmartin4d@odnoklassniki.ru,Male,126.131.108.45
159,Janet,Carr,jcarr4e@barnesandnoble.com,Female,59.146.211.122
160,Sandra,Fisher,sfisher4f@spotify.com,Female,87.170.234.78
161,Juan,Bryant,jbryant4g@umich.edu,Male,243.234.250.246
162,Debra,Flores,dflores4h@msu.edu,Female,252.77.189.85
163,Patrick,Oliver,poliver4i@sfgate.com,Male,3.212.221.191
164,William,Ramos,wramos4j@domainmarket.com,Male,160.129.201.51
165,Jessica,Perry,jperry4k@gizmodo.com,Female,26.17.119.52
166,Katherine,Ramirez,kramirez4l@telegraph.co.uk,Female,31.63.39.114
167,Joseph,Sanders,jsanders4m@va.gov,Male,179.240.48.7
168,Roy,Fuller,rfuller4n@mysql.com,Male,21.61.112.239
169,Helen,Carr,hcarr4o@prnewswire.com,Female,226.88.126.150
170,Billy,White,bwhite4p@ucoz.com,Male,211.236.25.20
171,Raymond,Lawrence,rlawrence4q@surveymonkey.com,Male,93.42.135.37
172,Gerald,Gutierrez,ggutierrez4r@apple.com,Male,231.253.16.117
173,Sarah,Gonzales,sgonzales4s@technorati.com,Female,50.119.98.181
174,Todd,Long,tlong4t@goo.gl,Male,104.96.85.247
175,Martha,Fuller,mfuller4u@loc.gov,Female,59.108.135.163
176,Kathy,Morgan,kmorgan4v@tuttocitta.it,Female,123.97.54.162
177,Louise,Long,llong4w@nasa.gov,Female,91.188.74.197
178,Nicholas,Griffin,ngriffin4x@com.com,Male,62.130.81.82
179,Betty,Porter,bporter4y@china.com.cn,Female,45.17.81.51
180,Steve,Rodriguez,srodriguez4z@hao123.com,Male,112.21.104.112
181,Alice,Fields,afields50@globo.com,Female,44.102.117.163
182,Lori,Peterson,lpeterson51@tmall.com,Female,62.182.9.96
183,Jennifer,Parker,jparker52@smh.com.au,Female,51.240.208.231
184,Heather,Robertson,hrobertson53@fastcompany.com,Female,134.130.203.81
185,Cheryl,Webb,cwebb54@zimbio.com,Female,134.156.199.89
186,Ralph,Warren,rwarren55@upenn.edu,Male,180.176.201.145
187,Debra,Collins,dcollins56@linkedin.com,Female,177.242.119.253
188,Harry,Taylor,htaylor57@nps.gov,Male,113.188.169.210
189,Christine,Rose,crose58@buzzfeed.com,Female,170.85.251.4
190,Albert,Lewis,alewis59@hatena.ne.jp,Male,245.109.10.106
191,Martin,Andrews,mandrews5a@about.me,Male,134.115.55.126
192,Paula,Martin,pmartin5b@blog.com,Female,163.175.91.231
193,Arthur,Lane,alane5c@theatlantic.com,Male,13.131.46.179
194,Melissa,Freeman,mfreeman5d@go.com,Female,102.23.24.201
195,Susan,Gibson,sgibson5e@altervista.org,Female,47.101.9.31
196,Jessica,Torres,jtorres5f@aol.com,Female,93.203.200.25
197,Sara,Nichols,snichols5g@blog.com,Female,60.42.15.37
198,Jessica,Chavez,jchavez5h@g.co,Female,184.229.5.68
199,Jacqueline,Mitchell,jmitchell5i@sourceforge.net,Female,6.218.116.4
200,Sarah,Williamson,swilliamson5j@home.pl,Female,26.56.233.47
201,Jean,Bryant,jbryant5k@psu.edu,Female,85.225.208.95
202,Virginia,Mason,vmason5l@hugedomains.com,Female,79.98.181.74
203,Marie,Lopez,mlopez5m@msn.com,Female,124.29.56.105
204,Donald,Rivera,drivera5n@bing.com,Male,82.96.114.198
205,Heather,Chapman,hchapman5o@usda.gov,Female,221.101.28.108
206,Mary,Shaw,mshaw5p@house.gov,Female,33.58.96.46
207,Fred,Oliver,foliver5q@wunderground.com,Male,255.98.81.178
208,Evelyn,Anderson,eanderson5r@com.com,Female,168.119.156.106
209,Patrick,Wagner,pwagner5s@altervista.org,Male,20.135.80.120
210,Frances,Dixon,fdixon5t@harvard.edu,Female,2.111.248.21
211,Theresa,Clark,tclark5u@marriott.com,Female,232.231.45.52
212,Mary,Burke,mburke5v@123-reg.co.uk,Female,250.213.169.52
213,Eric,Harris,eharris5w@storify.com,Male,94.71.108.11
214,Cynthia,Day,cday5x@senate.gov,Female,160.62.15.71
215,Diana,Allen,dallen5y@themeforest.net,Female,185.85.200.76
216,Julie,Dunn,jdunn5z@exblog.jp,Female,42.184.220.107
217,Nicole,Parker,nparker60@thetimes.co.uk,Female,251.164.197.37
218,Phillip,Ramos,pramos61@upenn.edu,Male,89.222.68.151
219,Doris,Ruiz,druiz62@xinhuanet.com,Female,97.251.108.161
220,Margaret,Hughes,mhughes63@loc.gov,Female,152.181.174.71
221,Phillip,Marshall,pmarshall64@diigo.com,Male,115.10.166.170
222,Louise,Welch,lwelch65@aol.com,Female,92.13.254.255
223,Bobby,Carter,bcarter66@ocn.ne.jp,Male,139.190.66.97
224,Carol,Ryan,cryan67@businesswire.com,Female,62.91.60.181
225,Mary,Hamilton,mhamilton68@mail.ru,Female,214.133.19.59
226,Julia,Patterson,jpatterson69@irs.gov,Female,113.146.206.39
227,Irene,Castillo,icastillo6a@surveymonkey.com,Female,190.74.202.86
228,Douglas,West,dwest6b@bravesites.com,Male,77.100.193.27
229,Jeremy,Patterson,jpatterson6c@chicagotribune.com,Male,251.117.165.63
230,Billy,Greene,bgreene6d@marriott.com,Male,97.108.198.175
231,Debra,Martin,dmartin6e@arizona.edu,Female,243.12.79.110
232,Michelle,Flores,mflores6f@shop-pro.jp,Female,189.243.155.11
233,Anne,Day,aday6g@nyu.edu,Female,186.98.12.42
234,Denise,Myers,dmyers6h@typepad.com,Female,84.116.47.26
235,Rebecca,Peterson,rpeterson6i@phpbb.com,Female,156.98.185.242
236,Chris,Medina,cmedina6j@theatlantic.com,Male,145.6.144.93
237,Gloria,Marshall,gmarshall6k@dmoz.org,Female,90.190.114.93
238,Daniel,Romero,dromero6l@4shared.com,Male,230.100.201.47
239,Daniel,Murphy,dmurphy6m@youtu.be,Male,252.157.45.153
240,Carl,Bradley,cbradley6n@arstechnica.com,Male,200.33.74.224
241,Sandra,Thomas,sthomas6o@ebay.com,Female,97.93.191.43
242,Anne,Schmidt,aschmidt6p@1688.com,Female,131.240.223.84
243,Brenda,Dean,bdean6q@stumbleupon.com,Female,240.40.141.107
244,Samuel,Harper,sharper6r@dion.ne.jp,Male,30.126.218.132
245,Rebecca,Bell,rbell6s@jigsy.com,Female,241.252.212.51
246,Frances,Wagner,fwagner6t@imageshack.us,Female,117.180.129.212
247,David,Elliott,delliott6u@engadget.com,Male,222.216.168.53
248,Harold,Cunningham,hcunningham6v@theglobeandmail.com,Male,231.24.137.54
249,Margaret,Lee,mlee6w@elpais.com,Female,226.240.62.204
250,Douglas,Greene,dgreene6x@globo.com,Male,163.194.211.142
251,Albert,Riley,ariley6y@bloomberg.com,Male,179.194.44.152
252,Brandon,Day,bday6z@ihg.com,Male,75.226.87.72
253,Brandon,Sanders,bsanders70@jigsy.com,Male,76.79.203.121
254,Amy,Sims,asims71@sogou.com,Female,85.144.230.46
255,Steve,Alvarez,salvarez72@sbwire.com,Male,172.47.129.113
256,Carolyn,Stanley,cstanley73@123-reg.co.uk,Female,179.116.112.195
257,Margaret,Watkins,mwatkins74@vkontakte.ru,Female,16.141.102.22
258,Anna,Flores,aflores75@abc.net.au,Female,53.5.183.155
259,Keith,Warren,kwarren76@prweb.com,Male,19.226.53.20
260,Raymond,Simpson,rsimpson77@cocolog-nifty.com,Male,235.105.16.117
261,Amanda,Garza,agarza78@globo.com,Female,70.126.104.35
262,Earl,Edwards,eedwards79@example.com,Male,216.188.203.148
263,Harold,Moreno,hmoreno7a@freewebs.com,Male,127.33.135.3
264,Jason,Wheeler,jwheeler7b@slideshare.net,Male,220.243.235.166
265,Kevin,Lewis,klewis7c@ucoz.com,Male,91.108.164.229
266,Chris,Bell,cbell7d@abc.net.au,Male,229.198.185.170
267,Maria,Cook,mcook7e@ezinearticles.com,Female,167.135.245.79
268,Carl,Fisher,cfisher7f@fda.gov,Male,67.237.122.65
269,Diane,Simmons,dsimmons7g@webeden.co.uk,Female,23.215.173.125
270,Patricia,Garrett,pgarrett7h@redcross.org,Female,160.192.26.254
271,Antonio,Shaw,ashaw7i@ezinearticles.com,Male,83.33.107.159
272,Bonnie,Alexander,balexander7j@umich.edu,Female,167.153.96.12
273,Rose,Moreno,rmoreno7k@zdnet.com,Female,132.52.112.64
274,Judith,Reid,jreid7l@liveinternet.ru,Female,2.125.208.179
275,Jack,Crawford,jcrawford7m@samsung.com,Male,4.152.219.190
276,Ronald,Thompson,rthompson7n@webmd.com,Male,42.2.212.110
277,Helen,Garza,hgarza7o@prweb.com,Female,156.143.170.75
278,Evelyn,Kim,ekim7p@woothemes.com,Female,184.42.185.196
279,Arthur,Ward,award7q@abc.net.au,Male,192.161.83.190
280,Steven,Grant,sgrant7r@ca.gov,Male,251.168.115.95
281,Carol,Harris,charris7s@npr.org,Female,67.65.209.145
282,Anna,Walker,awalker7t@histats.com,Female,246.209.196.187
283,Michelle,Cunningham,mcunningham7u@spiegel.de,Female,106.57.200.148
284,Earl,Roberts,eroberts7v@bigcartel.com,Male,178.193.197.207
285,Stephanie,Collins,scollins7w@msu.edu,Female,126.85.167.167
286,Gerald,Cook,gcook7x@msu.edu,Male,187.7.1.148
287,Jennifer,Cunningham,jcunningham7y@sitemeter.com,Female,163.233.127.71
288,James,Hayes,jhayes7z@a8.net,Male,87.175.168.94
289,Sara,Green,sgreen80@biglobe.ne.jp,Female,72.121.50.137
290,Phyllis,Dean,pdean81@columbia.edu,Female,168.82.171.198
291,Juan,Payne,jpayne82@admin.ch,Male,132.48.105.212
292,Harold,Clark,hclark83@spotify.com,Male,146.160.38.66
293,Bonnie,Mitchell,bmitchell84@cbslocal.com,Female,140.45.111.51
294,Alice,Garrett,agarrett85@psu.edu,Female,101.132.92.136
295,Timothy,Peterson,tpeterson86@wikimedia.org,Male,3.91.174.89
296,Rebecca,Hanson,rhanson87@cnet.com,Female,254.89.245.155
297,Jane,Alexander,jalexander88@house.gov,Female,99.223.14.97
298,Virginia,Hunt,vhunt89@examiner.com,Female,29.91.144.16
299,Bruce,Brown,bbrown8a@nsw.gov.au,Male,52.118.151.134
300,Teresa,Bell,tbell8b@ihg.com,Female,60.201.193.17
301,Phyllis,Ramirez,pramirez8c@mapquest.com,Female,252.206.63.32
302,Evelyn,West,ewest8d@tuttocitta.it,Female,11.167.103.96
303,Bobby,Vasquez,bvasquez8e@cnet.com,Male,227.45.217.93
304,Joseph,Sanchez,jsanchez8f@sciencedaily.com,Male,174.132.195.223
305,Kathleen,Carpenter,kcarpenter8g@shop-pro.jp,Female,31.192.63.200
306,Pamela,Burns,pburns8h@cyberchimps.com,Female,62.117.132.141
307,Phyllis,Bradley,pbradley8i@icq.com,Female,6.10.93.35
308,Deborah,Garcia,dgarcia8j@i2i.jp,Female,140.28.247.52
309,Thomas,Stewart,tstewart8k@dot.gov,Male,126.19.236.220
310,Paula,Lawrence,plawrence8l@nydailynews.com,Female,166.240.59.91
311,Margaret,Harper,mharper8m@bloomberg.com,Female,122.29.24.5
312,Earl,Ferguson,eferguson8n@webeden.co.uk,Male,115.93.41.139
313,Eric,Romero,eromero8o@oakley.com,Male,6.100.206.239
314,Craig,Walker,cwalker8p@omniture.com,Male,26.82.241.237
315,Adam,Martinez,amartinez8q@4shared.com,Male,143.130.237.152
316,Kathy,Gonzales,kgonzales8r@deliciousdays.com,Female,203.177.216.104
317,Michael,Hicks,mhicks8s@oakley.com,Male,217.233.229.121
318,Kelly,Simmons,ksimmons8t@webmd.com,Female,203.90.32.156
319,Gloria,Washington,gwashington8u@sakura.ne.jp,Female,18.221.22.136
320,Sarah,Wright,swright8v@usa.gov,Female,255.168.93.130
321,Craig,Willis,cwillis8w@a8.net,Male,232.9.188.131
322,Johnny,Brown,jbrown8x@seesaa.net,Male,48.38.143.252
323,Randy,Little,rlittle8y@ucoz.ru,Male,254.11.200.31
324,Kelly,Greene,kgreene8z@photobucket.com,Female,112.128.85.159
325,Johnny,Nelson,jnelson90@nature.com,Male,184.15.174.228
326,Lisa,Palmer,lpalmer91@fastcompany.com,Female,49.221.224.86
327,Patrick,Hart,phart92@soundcloud.com,Male,57.86.69.101
328,Rebecca,Gray,rgray93@marriott.com,Female,118.39.122.131
329,Teresa,Dean,tdean94@census.gov,Female,249.220.100.143
330,Douglas,Hicks,dhicks95@blogs.com,Male,207.23.179.214
331,Bobby,Holmes,bholmes96@weibo.com,Male,217.85.46.13
332,Jesse,Harvey,jharvey97@noaa.gov,Male,146.187.27.178
333,Andrew,Diaz,adiaz98@mac.com,Male,44.209.33.86
334,Sara,Anderson,sanderson99@hibu.com,Female,83.116.202.163
335,Earl,Diaz,ediaz9a@surveymonkey.com,Male,14.87.155.15
336,Patrick,Hall,phall9b@google.co.uk,Male,90.133.195.163
337,Earl,Matthews,ematthews9c@mac.com,Male,112.168.190.29
338,Todd,Mitchell,tmitchell9d@webeden.co.uk,Male,241.169.89.157
339,Annie,Reynolds,areynolds9e@uol.com.br,Female,35.220.135.123
340,Carol,Mendoza,cmendoza9f@com.com,Female,22.21.184.253
341,Lillian,Sanchez,lsanchez9g@time.com,Female,214.18.132.16
342,Benjamin,Miller,bmiller9h@ihg.com,Male,85.159.133.117
343,Cynthia,Perez,cperez9i@simplemachines.org,Female,103.7.225.22
344,Jennifer,Adams,jadams9j@com.com,Female,179.199.119.139
345,Wayne,Hayes,whayes9k@devhub.com,Male,57.149.230.117
346,Sean,Perry,sperry9l@cdc.gov,Male,127.184.191.72
347,Chris,Henry,chenry9m@alexa.com,Male,166.231.246.71
348,Bruce,Sanders,bsanders9n@bbc.co.uk,Male,237.53.215.0
349,Willie,Clark,wclark9o@bloglines.com,Male,6.58.62.145
350,Sharon,Thomas,sthomas9p@patch.com,Female,15.202.252.90
351,Jane,Wheeler,jwheeler9q@cnn.com,Female,48.50.63.226
352,Shirley,Martinez,smartinez9r@yellowbook.com,Female,154.58.251.192
353,Adam,Reynolds,areynolds9s@com.com,Male,253.3.197.200
354,Phillip,Crawford,pcrawford9t@indiatimes.com,Male,212.231.98.130
355,Jeffrey,Barnes,jbarnes9u@ebay.com,Male,237.239.205.45
356,Sean,Allen,sallen9v@mit.edu,Male,244.59.234.24
357,Kelly,Shaw,kshaw9w@sakura.ne.jp,Female,24.50.138.172
358,Anthony,Rice,arice9x@whitehouse.gov,Male,84.171.77.174
359,Diana,Hughes,dhughes9y@vkontakte.ru,Female,206.144.145.85
360,Janice,Bell,jbell9z@cmu.edu,Female,190.186.221.134
361,Eugene,Hawkins,ehawkinsa0@e-recht24.de,Male,168.37.41.253
362,Jose,Williams,jwilliamsa1@hhs.gov,Male,131.168.217.98
363,Raymond,Miller,rmillera2@e-recht24.de,Male,116.145.152.188
364,Phyllis,Andrews,pandrewsa3@w3.org,Female,230.63.90.47
365,Michael,Bryant,mbryanta4@wsj.com,Male,51.42.23.246
366,Joshua,Morgan,jmorgana5@last.fm,Male,43.76.152.254
367,Betty,Perkins,bperkinsa6@i2i.jp,Female,168.94.254.245
368,Catherine,Allen,callena7@tinyurl.com,Female,49.226.30.30
369,Andrew,Fox,afoxa8@wsj.com,Male,14.133.179.86
370,Joshua,Reid,jreida9@google.fr,Male,252.144.38.90
371,Dorothy,Johnson,djohnsonaa@last.fm,Female,244.191.143.36
372,Jason,Stone,jstoneab@theatlantic.com,Male,145.125.77.142
373,Benjamin,Elliott,belliottac@cloudflare.com,Male,128.118.234.35
374,Christopher,James,cjamesad@chicagotribune.com,Male,7.1.31.22
375,Juan,Boyd,jboydae@phoca.cz,Male,198.93.237.54
376,Johnny,Bowman,jbowmanaf@ucla.edu,Male,134.151.178.173
377,Deborah,Russell,drussellag@xrea.com,Female,177.147.130.170
378,Phillip,Hamilton,phamiltonah@forbes.com,Male,13.112.141.105
379,Jerry,Duncan,jduncanai@canalblog.com,Male,4.116.135.233
380,Ronald,Pierce,rpierceaj@zdnet.com,Male,82.139.80.140
381,Harry,Garza,hgarzaak@tiny.cc,Male,244.198.42.154
382,Ernest,Lewis,elewisal@elegantthemes.com,Male,167.139.225.98
383,Mildred,Morales,mmoralesam@nba.com,Female,138.202.245.226
384,Carlos,Ross,crossan@ed.gov,Male,131.115.116.120
385,Kathy,Ellis,kellisao@miibeian.gov.cn,Female,17.90.254.69
386,Ernest,Young,eyoungap@timesonline.co.uk,Male,18.30.120.95
387,Melissa,Chavez,mchavezaq@arizona.edu,Female,170.136.11.239
388,Fred,Owens,fowensar@reuters.com,Male,31.127.236.126
389,Phillip,Bishop,pbishopas@cbslocal.com,Male,233.119.159.92
390,Ann,Wagner,awagnerat@stanford.edu,Female,27.240.111.20
391,Louis,Foster,lfosterau@topsy.com,Male,100.236.134.142
392,Ann,Rogers,arogersav@cbsnews.com,Female,189.224.197.104
393,Bobby,Lynch,blynchaw@trellian.com,Male,193.73.205.142
394,Jonathan,Schmidt,jschmidtax@icq.com,Male,94.16.160.248
395,Matthew,Ross,mrossay@earthlink.net,Male,156.107.81.221
396,Melissa,Morris,mmorrisaz@xinhuanet.com,Female,26.167.77.228
397,Charles,Wood,cwoodb0@businessweek.com,Male,27.175.153.243
398,Norma,Gonzalez,ngonzalezb1@ucoz.ru,Female,6.33.14.179
399,Shawn,Ramos,sramosb2@furl.net,Male,155.232.1.7
400,Carlos,Wilson,cwilsonb3@sitemeter.com,Male,126.41.163.155
401,Rose,Olson,rolsonb4@barnesandnoble.com,Female,242.64.159.249
402,Steve,White,swhiteb5@vkontakte.ru,Male,212.157.153.46
403,Eugene,Bailey,ebaileyb6@seesaa.net,Male,196.107.231.41
404,Anne,Jenkins,ajenkinsb7@nba.com,Female,35.11.223.125
405,Mary,Dixon,mdixonb8@yellowbook.com,Female,114.154.188.235
406,Billy,Russell,brussellb9@digg.com,Male,109.115.208.2
407,Marilyn,Andrews,mandrewsba@hud.gov,Female,167.188.164.86
408,Nicholas,Murray,nmurraybb@huffingtonpost.com,Male,233.103.127.16
409,Jimmy,Garcia,jgarciabc@google.com.br,Male,128.232.60.29
410,Robin,Matthews,rmatthewsbd@rakuten.co.jp,Female,60.243.189.240
411,Virginia,Turner,vturnerbe@wunderground.com,Female,4.164.46.111
412,Wanda,Nelson,wnelsonbf@godaddy.com,Female,184.9.242.54
413,Mark,Freeman,mfreemanbg@nytimes.com,Male,62.239.176.154
414,Martha,Ruiz,mruizbh@fema.gov,Female,238.10.138.214
415,Margaret,Wheeler,mwheelerbi@imgur.com,Female,79.122.144.212
416,Amy,Wheeler,awheelerbj@go.com,Female,186.8.220.98
417,Annie,Shaw,ashawbk@flavors.me,Female,107.54.52.232
418,Phillip,Scott,pscottbl@de.vu,Male,100.211.202.62
419,Sharon,Gilbert,sgilbertbm@gnu.org,Female,202.8.171.114
420,Amanda,Oliver,aoliverbn@mlb.com,Female,102.3.228.15
421,Arthur,Kelley,akelleybo@fda.gov,Male,130.36.155.228
422,Arthur,Ramirez,aramirezbp@google.com,Male,114.81.29.148
423,Emily,Murphy,emurphybq@dion.ne.jp,Female,174.104.205.37
424,Janice,Crawford,jcrawfordbr@blogger.com,Female,155.115.149.54
425,Brenda,Banks,bbanksbs@rakuten.co.jp,Female,4.156.224.111
426,Roger,Ryan,rryanbt@buzzfeed.com,Male,150.248.180.255
427,Kathleen,Carpenter,kcarpenterbu@army.mil,Female,240.215.76.172
428,Doris,Matthews,dmatthewsbv@goo.ne.jp,Female,18.85.116.38
429,Anthony,Medina,amedinabw@indiatimes.com,Male,27.41.83.80
430,Angela,King,akingbx@hp.com,Female,121.30.150.249
431,Denise,Richardson,drichardsonby@weibo.com,Female,27.69.65.111
432,Anna,Jones,ajonesbz@google.co.uk,Female,65.53.66.247
433,Jeremy,Perez,jperezc0@si.edu,Male,79.74.6.20
434,Shirley,Hill,shillc1@pcworld.com,Female,249.246.75.171
435,Frances,Pierce,fpiercec2@tripod.com,Female,1.194.133.236
436,Diana,Jordan,djordanc3@jimdo.com,Female,247.160.43.186
437,Stephanie,Sanders,ssandersc4@wordpress.org,Female,204.170.57.159
438,Janice,Kelley,jkelleyc5@cargocollective.com,Female,221.105.87.210
439,Justin,Graham,jgrahamc6@fc2.com,Male,194.79.124.49
440,Margaret,Chavez,mchavezc7@taobao.com,Female,113.60.135.203
441,Cheryl,Hunter,chunterc8@networksolutions.com,Female,119.103.225.247
442,Diane,Cox,dcoxc9@cocolog-nifty.com,Female,48.182.214.222
443,Margaret,Holmes,mholmesca@admin.ch,Female,73.237.236.179
444,Heather,Ramirez,hramirezcb@fc2.com,Female,72.131.57.40
445,Raymond,Hunt,rhuntcc@studiopress.com,Male,193.73.150.202
446,Janet,Cruz,jcruzcd@yellowpages.com,Female,223.197.227.216
447,Samuel,Robinson,srobinsonce@samsung.com,Male,51.63.129.170
448,Philip,Clark,pclarkcf@imdb.com,Male,25.71.150.249
449,Juan,Banks,jbankscg@google.com,Male,168.231.70.125
450,Brandon,Crawford,bcrawfordch@umn.edu,Male,108.41.206.211
451,Rebecca,Davis,rdavisci@ihg.com,Female,201.176.221.63
452,Angela,Henry,ahenrycj@de.vu,Female,110.102.86.243
453,Catherine,Rodriguez,crodriguezck@paginegialle.it,Female,245.38.207.97
454,Peter,Gibson,pgibsoncl@sphinn.com,Male,216.99.143.203
455,Lori,Kelley,lkelleycm@senate.gov,Female,16.190.65.247
456,Nicholas,Scott,nscottcn@shop-pro.jp,Male,166.64.114.28
457,Janice,Coleman,jcolemanco@scribd.com,Female,84.193.251.69
458,Laura,Owens,lowenscp@disqus.com,Female,65.135.220.147
459,Amy,Greene,agreenecq@hibu.com,Female,65.30.247.20
460,Frank,Fuller,ffullercr@technorati.com,Male,104.7.167.69
461,Angela,Freeman,afreemancs@hud.gov,Female,0.74.47.135
462,Pamela,Stewart,pstewartct@storify.com,Female,24.127.16.196
463,Diana,Jordan,djordancu@com.com,Female,67.143.167.117
464,Daniel,Ross,drosscv@umn.edu,Male,147.6.144.33
465,Kenneth,Gomez,kgomezcw@fastcompany.com,Male,207.1.239.30
466,Marilyn,Peters,mpeterscx@washingtonpost.com,Female,97.179.108.171
467,Tammy,Banks,tbankscy@amazon.co.uk,Female,76.52.176.126
468,Diane,Morales,dmoralescz@soundcloud.com,Female,132.26.133.174
469,Brian,Cooper,bcooperd0@sciencedirect.com,Male,232.133.130.226
470,Scott,Kennedy,skennedyd1@devhub.com,Male,77.245.253.198
471,Jerry,Carroll,jcarrolld2@army.mil,Male,20.0.250.178
472,Bobby,Gutierrez,bgutierrezd3@weather.com,Male,128.174.41.72
473,Janet,Carroll,jcarrolld4@cloudflare.com,Female,232.36.90.18
474,Gloria,Ford,gfordd5@utexas.edu,Female,48.179.198.208
475,Donald,Morris,dmorrisd6@dell.com,Male,63.134.137.81
476,Timothy,Powell,tpowelld7@amazon.co.uk,Male,220.59.23.242
477,Nicole,Dixon,ndixond8@sogou.com,Female,72.192.163.223
478,Shawn,Watkins,swatkinsd9@prnewswire.com,Male,22.227.224.70
479,Maria,Ferguson,mfergusonda@addtoany.com,Female,162.110.230.110
480,Walter,Day,wdaydb@trellian.com,Male,24.94.31.21
481,Amy,Bradley,abradleydc@fastcompany.com,Female,237.113.41.227
482,Kathy,Griffin,kgriffindd@tripod.com,Female,52.155.206.100
483,Andrea,Perry,aperryde@cocolog-nifty.com,Female,5.194.187.85
484,Bruce,Rose,brosedf@naver.com,Male,175.77.137.214
485,Steven,Grant,sgrantdg@networkadvertising.org,Male,140.35.182.222
486,Christopher,Brown,cbrowndh@samsung.com,Male,90.102.206.18
487,Jose,Medina,jmedinadi@rakuten.co.jp,Male,99.68.212.247
488,Marilyn,Wheeler,mwheelerdj@jiathis.com,Female,237.193.116.46
489,Nancy,Lane,nlanedk@mediafire.com,Female,142.127.79.202
490,Stephanie,Cole,scoledl@com.com,Female,138.249.202.202
491,Jimmy,Burton,jburtondm@sourceforge.net,Male,196.49.131.90
492,Paul,Peters,ppetersdn@baidu.com,Male,75.38.203.89
493,Frank,Anderson,fandersondo@merriam-webster.com,Male,64.114.90.46
494,Helen,Crawford,hcrawforddp@spotify.com,Female,82.82.173.243
495,Edward,Ramos,eramosdq@sohu.com,Male,137.221.80.17
496,Jane,Mason,jmasondr@abc.net.au,Female,46.80.191.78
497,Angela,Hanson,ahansonds@tripadvisor.com,Female,74.83.8.185
498,Mark,Johnson,mjohnsondt@cocolog-nifty.com,Male,95.219.39.121
499,Charles,Kelley,ckelleydu@constantcontact.com,Male,226.169.168.97
500,Margaret,Meyer,mmeyerdv@illinois.edu,Female,126.124.90.200
501,Kathleen,Payne,kpaynedw@foxnews.com,Female,193.52.109.8
502,Carol,Nelson,cnelsondx@barnesandnoble.com,Female,231.147.249.56
503,Ryan,Moreno,rmorenody@fotki.com,Male,64.203.68.45
504,Joseph,Boyd,jboyddz@friendfeed.com,Male,235.49.143.239
505,Jean,Clark,jclarke0@harvard.edu,Female,184.63.35.176
506,Alice,Morris,amorrise1@360.cn,Female,172.83.207.177
507,Matthew,Wheeler,mwheelere2@discovery.com,Male,30.61.34.139
508,Carlos,Black,cblacke3@vimeo.com,Male,149.90.45.73
509,Sandra,Sims,ssimse4@admin.ch,Female,181.184.152.242
510,Arthur,Ward,awarde5@symantec.com,Male,79.192.7.179
511,Arthur,Gardner,agardnere6@gnu.org,Male,161.87.61.34
512,Christopher,Ramirez,cramireze7@ning.com,Male,68.140.203.203
513,Rachel,Holmes,rholmese8@clickbank.net,Female,54.144.216.4
514,Paula,Simpson,psimpsone9@livejournal.com,Female,4.62.51.30
515,Eugene,Rogers,erogersea@qq.com,Male,218.86.122.68
516,Amy,Scott,ascotteb@ucla.edu,Female,148.61.154.55
517,Patrick,Hall,phallec@irs.gov,Male,49.77.189.63
518,Lori,Hawkins,lhawkinsed@utexas.edu,Female,25.235.190.68
519,Kimberly,Brown,kbrownee@nyu.edu,Female,81.133.234.241
520,Donald,Dunn,ddunnef@cam.ac.uk,Male,155.170.85.86
521,Robert,Porter,rportereg@usda.gov,Male,194.78.163.14
522,William,Sullivan,wsullivaneh@addthis.com,Male,2.54.35.197
523,Carolyn,Carpenter,ccarpenterei@who.int,Female,254.30.221.89
524,Rachel,Lopez,rlopezej@taobao.com,Female,205.2.158.32
525,Patricia,Foster,pfosterek@addthis.com,Female,86.38.196.145
526,Julia,Thomas,jthomasel@privacy.gov.au,Female,77.219.147.62
527,Earl,Gomez,egomezem@google.co.jp,Male,141.79.248.131
528,Louis,Hunter,lhunteren@toplist.cz,Male,89.234.173.241
529,Deborah,Clark,dclarkeo@biblegateway.com,Female,16.65.213.30
530,Anne,Cox,acoxep@opensource.org,Female,29.157.115.52
531,Irene,Myers,imyerseq@blogspot.com,Female,254.24.22.227
532,Roy,Hayes,rhayeser@hud.gov,Male,174.143.146.154
533,Brandon,Mcdonald,bmcdonaldes@live.com,Male,179.48.46.106
534,Marie,Bennett,mbennettet@printfriendly.com,Female,10.143.136.156
535,Antonio,Bryant,abryanteu@tumblr.com,Male,210.87.109.211
536,Brenda,Peters,bpetersev@ca.gov,Female,241.173.4.222
537,Sara,Simpson,ssimpsonew@discovery.com,Female,161.215.244.251
538,Larry,Gilbert,lgilbertex@bigcartel.com,Male,61.171.31.115
539,Katherine,Oliver,koliverey@mlb.com,Female,131.181.39.189
540,Mildred,Boyd,mboydez@ox.ac.uk,Female,28.32.6.168
541,Sharon,Stone,sstonef0@examiner.com,Female,97.98.235.36
542,Rachel,Chapman,rchapmanf1@51.la,Female,88.90.209.188
543,Tina,Wood,twoodf2@aboutads.info,Female,230.174.233.109
544,Ralph,Gray,rgrayf3@gnu.org,Male,197.89.121.195
545,Howard,Hunter,hhunterf4@amazon.co.jp,Male,240.77.225.243
546,Paul,Stevens,pstevensf5@blog.com,Male,9.125.93.135
547,Walter,Clark,wclarkf6@slideshare.net,Male,102.225.30.92
548,Christopher,Knight,cknightf7@ucoz.ru,Male,23.170.1.200
549,Carl,Lopez,clopezf8@cam.ac.uk,Male,161.35.129.160
550,Martha,Walker,mwalkerf9@uol.com.br,Female,225.129.160.30
551,Benjamin,Willis,bwillisfa@photobucket.com,Male,128.186.203.47
552,Andrew,Meyer,ameyerfb@fda.gov,Male,82.100.68.217
553,Samuel,Anderson,sandersonfc@stanford.edu,Male,222.43.150.33
554,Albert,Brooks,abrooksfd@mediafire.com,Male,230.98.179.11
555,Jean,Martin,jmartinfe@nyu.edu,Female,96.111.126.232
556,Carl,Alvarez,calvarezff@stanford.edu,Male,58.24.93.64
557,Norma,Day,ndayfg@webs.com,Female,79.124.141.213
558,Diane,Chapman,dchapmanfh@plala.or.jp,Female,89.73.93.250
559,Martin,Ward,mwardfi@sciencedaily.com,Male,81.152.74.84
560,Jerry,Wells,jwellsfj@squarespace.com,Male,42.98.56.21
561,Stephanie,Burns,sburnsfk@chron.com,Female,6.189.147.197
562,Anthony,Edwards,aedwardsfl@printfriendly.com,Male,82.128.182.179
563,Lillian,Gilbert,lgilbertfm@si.edu,Female,188.182.246.198
564,Richard,Schmidt,rschmidtfn@hostgator.com,Male,0.10.177.118
565,Ernest,Torres,etorresfo@bandcamp.com,Male,152.236.191.245
566,Jessica,Webb,jwebbfp@studiopress.com,Female,7.38.122.109
567,Susan,Holmes,sholmesfq@ucsd.edu,Female,218.204.48.121
568,Martha,Olson,molsonfr@so-net.ne.jp,Female,185.170.0.72
569,Rose,Stewart,rstewartfs@oracle.com,Female,76.21.241.158
570,Judy,Carroll,jcarrollft@woothemes.com,Female,197.74.237.211
571,Emily,Rose,erosefu@sciencedirect.com,Female,77.88.173.107
572,Ruth,Patterson,rpattersonfv@home.pl,Female,168.252.10.160
573,Howard,Matthews,hmatthewsfw@noaa.gov,Male,214.221.116.190
574,Judith,Butler,jbutlerfx@feedburner.com,Female,107.182.126.188
575,Donna,Thomas,dthomasfy@opera.com,Female,80.152.104.104
576,Antonio,Collins,acollinsfz@vistaprint.com,Male,188.159.13.77
577,Julia,Bradley,jbradleyg0@timesonline.co.uk,Female,215.244.170.193
578,John,Robinson,jrobinsong1@about.me,Male,108.173.56.106
579,Anna,Austin,aausting2@springer.com,Female,31.248.91.83
580,Lillian,Fuller,lfullerg3@a8.net,Female,87.229.137.241
581,Tammy,Young,tyoungg4@spotify.com,Female,224.226.199.71
582,Fred,Burke,fburkeg5@huffingtonpost.com,Male,158.135.49.224
583,Mary,Lopez,mlopezg6@boston.com,Female,163.129.227.187
584,Tina,Crawford,tcrawfordg7@nydailynews.com,Female,114.168.49.207
585,Walter,Fowler,wfowlerg8@clickbank.net,Male,112.230.40.112
586,Irene,Johnson,ijohnsong9@posterous.com,Female,81.226.136.47
587,Lori,Young,lyoungga@bandcamp.com,Female,227.37.212.213
588,Michael,Crawford,mcrawfordgb@google.com.hk,Male,9.46.29.159
589,Anne,Ruiz,aruizgc@skype.com,Female,220.27.211.244
590,Angela,Rodriguez,arodriguezgd@webnode.com,Female,234.104.80.128
591,Tammy,Campbell,tcampbellge@yahoo.com,Female,54.192.195.57
592,Patrick,Reynolds,preynoldsgf@senate.gov,Male,173.142.187.66
593,Victor,Nichols,vnicholsgg@google.it,Male,224.27.203.13
594,Jimmy,Perry,jperrygh@aol.com,Male,15.83.118.101
595,Lois,Long,llonggi@cbslocal.com,Female,48.85.26.67
596,Ashley,Hart,ahartgj@unesco.org,Female,116.69.119.215
597,Deborah,Lawrence,dlawrencegk@fotki.com,Female,103.10.249.72
598,Jessica,Edwards,jedwardsgl@marriott.com,Female,77.118.212.81
599,Henry,Henry,hhenrygm@spiegel.de,Male,224.235.180.41
600,Nicole,Warren,nwarrengn@dagondesign.com,Female,32.174.233.179
601,Donna,Fisher,dfishergo@umn.edu,Female,194.227.29.156
602,Lisa,Ferguson,lfergusongp@va.gov,Female,28.149.172.188
603,Stephanie,Rivera,sriveragq@youtu.be,Female,90.104.161.148
604,Brian,Cook,bcookgr@live.com,Male,194.164.228.165
605,Pamela,Ramirez,pramirezgs@gravatar.com,Female,79.111.165.163
606,Steven,Ferguson,sfergusongt@miitbeian.gov.cn,Male,51.197.253.188
607,Debra,Castillo,dcastillogu@360.cn,Female,96.153.193.191
608,Patricia,Sims,psimsgv@amazon.com,Female,232.68.22.247
609,Jacqueline,Russell,jrussellgw@arstechnica.com,Female,125.249.149.240
610,Michael,Lawrence,mlawrencegx@nasa.gov,Male,10.87.63.152
611,Margaret,Rogers,mrogersgy@rakuten.co.jp,Female,226.208.238.4
612,Gloria,Collins,gcollinsgz@arstechnica.com,Female,48.99.64.210
613,Jose,Larson,jlarsonh0@123-reg.co.uk,Male,206.142.90.96
614,Cynthia,Kelley,ckelleyh1@google.ca,Female,227.126.188.176
615,Carol,Oliver,coliverh2@home.pl,Female,56.134.18.34
616,Deborah,Green,dgreenh3@about.com,Female,5.217.136.157
617,Bruce,Bell,bbellh4@yale.edu,Male,235.53.47.196
618,Frances,Cole,fcoleh5@freewebs.com,Female,121.143.178.83
619,Jean,Martin,jmartinh6@msn.com,Female,102.109.179.189
620,Mary,Reid,mreidh7@merriam-webster.com,Female,42.232.43.86
621,Lori,Jacobs,ljacobsh8@fema.gov,Female,154.253.209.58
622,Margaret,Parker,mparkerh9@blog.com,Female,236.255.161.190
623,Jason,Lewis,jlewisha@auda.org.au,Male,172.4.70.96
624,Andrew,Hill,ahillhb@usgs.gov,Male,65.143.29.68
625,Stephanie,Knight,sknighthc@harvard.edu,Female,167.115.157.75
626,Jimmy,Richardson,jrichardsonhd@barnesandnoble.com,Male,200.112.81.35
627,Carolyn,Sullivan,csullivanhe@comcast.net,Female,160.1.188.239
628,Jonathan,George,jgeorgehf@census.gov,Male,152.204.22.168
629,Heather,Jackson,hjacksonhg@mit.edu,Female,142.102.214.22
630,Beverly,Hart,bharthh@accuweather.com,Female,211.155.141.207
631,Terry,Mendoza,tmendozahi@webs.com,Male,197.195.155.57
632,Lois,Hicks,lhickshj@webnode.com,Female,67.152.248.230
633,Susan,Gardner,sgardnerhk@jigsy.com,Female,155.90.108.144
634,Kimberly,Sullivan,ksullivanhl@weather.com,Female,188.41.175.34
635,Stephanie,Jenkins,sjenkinshm@marriott.com,Female,38.192.165.229
636,David,Ryan,dryanhn@yale.edu,Male,50.39.112.48
637,Pamela,Hunt,phuntho@upenn.edu,Female,7.50.100.5
638,Karen,Chapman,kchapmanhp@mayoclinic.com,Female,77.1.137.227
639,William,Ramirez,wramirezhq@twitpic.com,Male,95.80.208.139
640,Shirley,Davis,sdavishr@imdb.com,Female,194.49.117.223
641,Peter,Hunter,phunterhs@google.ca,Male,202.212.40.22
642,Philip,Rice,priceht@netlog.com,Male,169.232.14.253
643,Martha,Banks,mbankshu@w3.org,Female,252.102.179.254
644,Ruth,Dean,rdeanhv@surveymonkey.com,Female,137.159.121.110
645,Jonathan,Mills,jmillshw@lycos.com,Male,136.135.229.82
646,Virginia,Brown,vbrownhx@desdev.cn,Female,132.146.36.41
647,Rebecca,Harris,rharrishy@booking.com,Female,192.249.179.219
648,Gregory,Perkins,gperkinshz@infoseek.co.jp,Male,212.2.170.45
649,Virginia,Grant,vgranti0@t.co,Female,93.219.141.210
650,Norma,Ramos,nramosi1@prlog.org,Female,240.207.67.66
651,Jeremy,Lewis,jlewisi2@google.de,Male,186.3.67.79
652,Ernest,Freeman,efreemani3@gmpg.org,Male,63.239.9.9
653,Tina,Lawrence,tlawrencei4@google.co.uk,Female,254.31.91.46
654,Jerry,James,jjamesi5@go.com,Male,169.38.89.68
655,Phillip,Wright,pwrighti6@is.gd,Male,113.176.82.243
656,Melissa,Gilbert,mgilberti7@cbsnews.com,Female,50.230.150.20
657,Rose,Kennedy,rkennedyi8@businesswire.com,Female,190.125.84.135
658,Amanda,Richards,arichardsi9@disqus.com,Female,202.152.114.64
659,Margaret,Morris,mmorrisia@tumblr.com,Female,114.161.204.95
660,Joshua,Larson,jlarsonib@blog.com,Male,52.207.21.152
661,Richard,Hicks,rhicksic@ovh.net,Male,126.244.19.103
662,Aaron,Lawrence,alawrenceid@hatena.ne.jp,Male,46.150.90.100
663,Maria,Lee,mleeie@mac.com,Female,115.178.150.71
664,Diana,Johnston,djohnstonif@huffingtonpost.com,Female,16.42.195.24
665,Billy,Allen,ballenig@sciencedaily.com,Male,199.134.110.154
666,Harry,Russell,hrussellih@sohu.com,Male,204.154.180.58
667,Jane,Bishop,jbishopii@paginegialle.it,Female,101.198.205.161
668,Alice,Bradley,abradleyij@digg.com,Female,176.185.2.104
669,Wayne,Bryant,wbryantik@friendfeed.com,Male,38.144.56.159
670,Sarah,Kelley,skelleyil@stanford.edu,Female,186.89.167.19
671,Douglas,Torres,dtorresim@homestead.com,Male,157.147.157.201
672,Jesse,Frazier,jfrazierin@51.la,Male,45.138.98.123
673,Jennifer,Hanson,jhansonio@ox.ac.uk,Female,143.254.0.98
674,Anne,Daniels,adanielsip@wsj.com,Female,155.85.145.223
675,Catherine,Romero,cromeroiq@google.co.uk,Female,22.73.174.212
676,Larry,Crawford,lcrawfordir@bizjournals.com,Male,152.230.38.150
677,Nicholas,Rodriguez,nrodriguezis@tripod.com,Male,114.75.94.232
678,Chris,Watson,cwatsonit@friendfeed.com,Male,58.68.180.37
679,Ralph,Morgan,rmorganiu@booking.com,Male,128.210.172.56
680,Jason,Franklin,jfrankliniv@nature.com,Male,65.83.150.224
681,Cheryl,Adams,cadamsiw@wordpress.com,Female,14.116.89.219
682,Judy,Fields,jfieldsix@discovery.com,Female,230.190.154.238
683,Benjamin,Murray,bmurrayiy@indiegogo.com,Male,81.60.109.151
684,Heather,Hunt,hhuntiz@taobao.com,Female,124.37.117.136
685,Christina,Ferguson,cfergusonj0@pcworld.com,Female,71.111.2.214
686,Kevin,Mendoza,kmendozaj1@elpais.com,Male,74.39.179.50
687,Todd,Martin,tmartinj2@people.com.cn,Male,141.230.191.167
688,Antonio,Kelly,akellyj3@csmonitor.com,Male,204.35.67.18
689,Denise,Harris,dharrisj4@1688.com,Female,179.64.128.224
690,Louise,Vasquez,lvasquezj5@blogspot.com,Female,165.152.14.95
691,Frank,Jenkins,fjenkinsj6@goodreads.com,Male,238.183.249.138
692,Katherine,Fernandez,kfernandezj7@toplist.cz,Female,95.11.74.99
693,Kathy,Wells,kwellsj8@facebook.com,Female,88.51.158.44
694,Michelle,Harper,mharperj9@nymag.com,Female,13.40.144.213
695,Anna,Gonzales,agonzalesja@usda.gov,Female,8.14.28.8
696,Nancy,Gardner,ngardnerjb@angelfire.com,Female,133.114.135.147
697,Cynthia,Bowman,cbowmanjc@360.cn,Female,131.139.210.52
698,Scott,Carr,scarrjd@cdbaby.com,Male,93.95.136.37
699,Diana,Schmidt,dschmidtje@ihg.com,Female,195.102.135.145
700,Jeremy,Simpson,jsimpsonjf@wordpress.org,Male,65.129.123.238
701,Rachel,Murray,rmurrayjg@rediff.com,Female,177.210.205.205
702,Irene,Carter,icarterjh@tripadvisor.com,Female,125.132.186.174
703,Howard,Castillo,hcastilloji@biblegateway.com,Male,34.32.58.147
704,Diane,Chavez,dchavezjj@techcrunch.com,Female,100.204.201.110
705,James,Alexander,jalexanderjk@nih.gov,Male,48.49.92.223
706,Benjamin,Mitchell,bmitchelljl@google.com,Male,225.236.169.96
707,Bobby,Carter,bcarterjm@blogspot.com,Male,173.64.221.207
708,Timothy,Barnes,tbarnesjn@thetimes.co.uk,Male,200.252.10.64
709,Henry,Cooper,hcooperjo@flavors.me,Male,200.36.117.159
710,Jimmy,George,jgeorgejp@jalbum.net,Male,87.93.187.171
711,Patricia,Carroll,pcarrolljq@abc.net.au,Female,4.4.193.133
712,Arthur,Carr,acarrjr@bizjournals.com,Male,84.163.72.241
713,Stephen,Ramirez,sramirezjs@stumbleupon.com,Male,84.32.187.152
714,Albert,Olson,aolsonjt@biglobe.ne.jp,Male,187.221.250.184
715,Mark,Flores,mfloresju@digg.com,Male,232.137.156.164
716,Brenda,Stewart,bstewartjv@shareasale.com,Female,14.219.231.244
717,Chris,Peterson,cpetersonjw@tripadvisor.com,Male,186.70.118.204
718,Norma,Knight,nknightjx@scientificamerican.com,Female,247.192.189.183
719,Katherine,Montgomery,kmontgomeryjy@vistaprint.com,Female,226.146.16.114
720,John,Gibson,jgibsonjz@qq.com,Male,114.106.194.206
721,Kevin,Torres,ktorresk0@google.com,Male,101.8.179.187
722,Sarah,Peters,spetersk1@typepad.com,Female,110.171.108.228
723,Clarence,Graham,cgrahamk2@paginegialle.it,Male,70.201.219.1
724,Ashley,Ward,awardk3@istockphoto.com,Female,139.231.211.63
725,Elizabeth,Watson,ewatsonk4@yelp.com,Female,224.46.10.239
726,Paul,Green,pgreenk5@squidoo.com,Male,114.43.9.68
727,Heather,Bryant,hbryantk6@simplemachines.org,Female,62.136.203.46
728,Stephen,Dixon,sdixonk7@yahoo.co.jp,Male,195.61.219.161
729,Willie,Henderson,whendersonk8@example.com,Male,101.81.166.216
730,Louis,Hudson,lhudsonk9@ask.com,Male,197.131.158.113
731,Kathleen,Young,kyoungka@gizmodo.com,Female,239.140.157.207
732,Scott,Sanchez,ssanchezkb@phoca.cz,Male,58.180.40.234
733,Kathleen,Dunn,kdunnkc@ucoz.com,Female,35.177.131.15
734,Alan,Gibson,agibsonkd@shutterfly.com,Male,63.131.177.26
735,Jesse,Young,jyoungke@cnn.com,Male,247.108.105.200
736,Carolyn,Bowman,cbowmankf@cornell.edu,Female,96.97.138.128
737,Rose,Knight,rknightkg@github.com,Female,125.71.135.173
738,Sarah,Ramos,sramoskh@nba.com,Female,142.79.84.100
739,David,Palmer,dpalmerki@boston.com,Male,26.80.47.22
740,Eric,Jacobs,ejacobskj@disqus.com,Male,80.203.247.19
741,Daniel,Rice,dricekk@xinhuanet.com,Male,148.236.239.133
742,Jack,Alvarez,jalvarezkl@amazon.de,Male,33.168.4.13
743,Douglas,Sims,dsimskm@1und1.de,Male,245.45.26.91
744,Marilyn,Stone,mstonekn@github.io,Female,78.198.103.221
745,Raymond,Mendoza,rmendozako@bigcartel.com,Male,3.215.37.214
746,Shawn,Turner,sturnerkp@simplemachines.org,Male,84.30.106.221
747,Carlos,Lee,cleekq@seattletimes.com,Male,189.59.103.41
748,Maria,Torres,mtorreskr@about.me,Female,189.150.190.85
749,Dorothy,Hamilton,dhamiltonks@dedecms.com,Female,225.218.186.57
750,Carl,Day,cdaykt@woothemes.com,Male,36.22.241.183
751,Benjamin,Ray,brayku@theguardian.com,Male,48.29.55.191
752,Billy,Hunter,bhunterkv@printfriendly.com,Male,0.12.185.211
753,Eugene,Washington,ewashingtonkw@dailymotion.com,Male,88.60.7.120
754,Todd,Harris,tharriskx@dion.ne.jp,Male,44.62.172.222
755,William,Lynch,wlynchky@usa.gov,Male,229.227.65.181
756,Walter,Williamson,wwilliamsonkz@fastcompany.com,Male,142.135.220.161
757,Mildred,Romero,mromerol0@soundcloud.com,Female,66.204.211.158
758,Douglas,Jordan,djordanl1@163.com,Male,146.191.119.70
759,Ronald,Hughes,rhughesl2@tumblr.com,Male,153.62.254.139
760,Kathleen,Riley,krileyl3@bbb.org,Female,24.124.224.111
761,Anthony,Wagner,awagnerl4@ucoz.com,Male,40.160.190.194
762,Douglas,Campbell,dcampbelll5@google.pl,Male,11.188.14.196
763,Henry,Hernandez,hhernandezl6@slashdot.org,Male,210.92.197.233
764,Alan,Tucker,atuckerl7@reverbnation.com,Male,67.180.114.242
765,Judy,Freeman,jfreemanl8@cbslocal.com,Female,249.94.107.216
766,Patricia,Allen,pallenl9@hao123.com,Female,178.141.171.238
767,Helen,Allen,hallenla@stanford.edu,Female,52.38.240.255
768,Beverly,Romero,bromerolb@thetimes.co.uk,Female,197.252.109.126
769,Joan,Baker,jbakerlc@woothemes.com,Female,181.128.25.248
770,Dennis,Payne,dpayneld@engadget.com,Male,177.189.140.136
771,Walter,West,wwestle@google.ru,Male,171.219.21.37
772,Brandon,Cook,bcooklf@sakura.ne.jp,Male,117.123.231.178
773,Daniel,Perry,dperrylg@google.es,Male,205.114.147.63
774,Angela,Cox,acoxlh@histats.com,Female,161.231.178.181
775,Benjamin,Burke,bburkeli@uol.com.br,Male,57.112.172.214
776,Todd,Bell,tbelllj@jigsy.com,Male,223.22.159.45
777,Linda,Evans,levanslk@indiatimes.com,Female,20.82.204.66
778,Randy,King,rkingll@marketwatch.com,Male,107.40.161.163
779,Larry,Bowman,lbowmanlm@wikia.com,Male,248.249.224.27
780,Sean,Rogers,srogersln@columbia.edu,Male,147.255.63.8
781,Chris,Jacobs,cjacobslo@ebay.com,Male,224.237.1.186
782,Patricia,Murray,pmurraylp@last.fm,Female,218.195.127.19
783,Carol,Mendoza,cmendozalq@posterous.com,Female,170.218.168.192
784,Joe,Carroll,jcarrolllr@businessweek.com,Male,139.13.120.115
785,Christine,Dunn,cdunnls@nbcnews.com,Female,146.69.161.121
786,Frank,Kennedy,fkennedylt@ucoz.ru,Male,44.56.204.47
787,Angela,Ortiz,aortizlu@hatena.ne.jp,Female,5.92.133.96
788,Andrew,Hunter,ahunterlv@amazon.co.uk,Male,46.57.241.214
789,Paul,Rodriguez,prodriguezlw@cafepress.com,Male,98.173.204.181
790,Nancy,Hernandez,nhernandezlx@newyorker.com,Female,165.38.119.143
791,Alice,Wood,awoodly@umich.edu,Female,7.150.28.11
792,Katherine,Welch,kwelchlz@pinterest.com,Female,68.75.119.243
793,Louis,Rose,lrosem0@posterous.com,Male,90.67.163.176
794,Laura,Bryant,lbryantm1@mtv.com,Female,174.32.78.144
795,Joshua,Andrews,jandrewsm2@buzzfeed.com,Male,65.1.93.149
796,Donald,Ray,draym3@marketwatch.com,Male,122.128.140.188
797,Eric,Hart,ehartm4@tripadvisor.com,Male,185.240.72.235
798,Earl,Simmons,esimmonsm5@cmu.edu,Male,234.221.54.80
799,Wayne,Martinez,wmartinezm6@google.cn,Male,117.139.227.127
800,Denise,Hall,dhallm7@va.gov,Female,92.39.237.90
801,Craig,Cook,ccookm8@thetimes.co.uk,Male,75.216.100.68
802,Donna,Ramirez,dramirezm9@cnet.com,Female,37.242.201.32
803,Rose,Allen,rallenma@bizjournals.com,Female,40.1.228.7
804,Fred,Pierce,fpiercemb@csmonitor.com,Male,253.4.117.222
805,Arthur,Clark,aclarkmc@uiuc.edu,Male,222.112.40.231
806,Howard,Price,hpricemd@goodreads.com,Male,30.167.180.39
807,Joshua,Jenkins,jjenkinsme@google.it,Male,2.235.92.123
808,Catherine,Morales,cmoralesmf@wiley.com,Female,33.35.85.212
809,Beverly,Medina,bmedinamg@eepurl.com,Female,206.216.251.43
810,Joyce,Carpenter,jcarpentermh@wordpress.org,Female,216.236.151.224
811,Margaret,Chavez,mchavezmi@is.gd,Female,93.76.138.90
812,Gloria,Turner,gturnermj@tiny.cc,Female,206.19.27.13
813,Ruby,Black,rblackmk@sfgate.com,Female,150.40.76.32
814,Laura,Duncan,lduncanml@google.com.br,Female,248.1.4.67
815,Raymond,Miller,rmillermm@nytimes.com,Male,104.75.141.226
816,George,Green,ggreenmn@macromedia.com,Male,134.131.64.223
817,Gloria,Martinez,gmartinezmo@simplemachines.org,Female,76.242.166.57
818,Amanda,Parker,aparkermp@shutterfly.com,Female,178.76.144.246
819,Jennifer,Freeman,jfreemanmq@hp.com,Female,1.66.151.129
820,Joshua,Wilson,jwilsonmr@go.com,Male,95.69.102.88
821,Norma,Russell,nrussellms@furl.net,Female,198.75.61.173
822,Charles,Moreno,cmorenomt@gmpg.org,Male,13.141.250.29
823,Louise,Dixon,ldixonmu@geocities.com,Female,162.174.121.201
824,Heather,West,hwestmv@eventbrite.com,Female,115.180.78.169
825,Harry,Ray,hraymw@goo.gl,Male,2.5.39.126
826,William,Sanders,wsandersmx@youtube.com,Male,229.6.168.110
827,Patrick,Reed,preedmy@epa.gov,Male,177.148.241.3
828,Charles,Larson,clarsonmz@oracle.com,Male,202.149.184.60
829,Larry,Dunn,ldunnn0@scientificamerican.com,Male,36.164.35.206
830,Richard,Webb,rwebbn1@51.la,Male,149.204.221.136
831,Brenda,Hanson,bhansonn2@hhs.gov,Female,4.5.156.239
832,Andrea,Richards,arichardsn3@nih.gov,Female,53.176.81.164
833,Phyllis,Brooks,pbrooksn4@bbc.co.uk,Female,15.44.75.138
834,Anna,Stevens,astevensn5@tmall.com,Female,231.21.44.156
835,Betty,Ruiz,bruizn6@taobao.com,Female,175.176.131.200
836,Benjamin,Rodriguez,brodriguezn7@toplist.cz,Male,135.251.104.54
837,Victor,Bowman,vbowmann8@foxnews.com,Male,114.11.50.250
838,Joshua,Lewis,jlewisn9@paginegialle.it,Male,184.88.125.196
839,Brandon,Hayes,bhayesna@uiuc.edu,Male,148.175.188.213
840,Patricia,Stanley,pstanleynb@blogspot.com,Female,209.164.73.52
841,Patrick,Walker,pwalkernc@weebly.com,Male,180.193.247.249
842,Phillip,Simpson,psimpsonnd@taobao.com,Male,167.93.32.27
843,Alan,Greene,agreenene@census.gov,Male,135.178.191.144
844,Bruce,Armstrong,barmstrongnf@bravesites.com,Male,73.228.44.2
845,Patricia,Williams,pwilliamsng@zimbio.com,Female,32.54.112.218
846,Rachel,Price,rpricenh@wordpress.com,Female,134.7.177.183
847,Julie,Moore,jmooreni@clickbank.net,Female,197.229.217.245
848,Anna,Roberts,arobertsnj@economist.com,Female,211.164.132.101
849,Mary,Johnson,mjohnsonnk@omniture.com,Female,39.209.128.152
850,Lawrence,Fernandez,lfernandeznl@rakuten.co.jp,Male,229.229.230.198
851,Andrew,Nguyen,anguyennm@soundcloud.com,Male,79.228.150.29
852,Andrew,Mason,amasonnn@aboutads.info,Male,72.11.150.22
853,Louise,Kelly,lkellyno@utexas.edu,Female,211.194.121.88
854,Karen,Kennedy,kkennedynp@cdbaby.com,Female,73.195.165.152
855,Eugene,Perry,eperrynq@lulu.com,Male,183.87.18.30
856,James,Hansen,jhansennr@washington.edu,Male,238.88.136.176
857,Marie,Garrett,mgarrettns@dion.ne.jp,Female,38.188.41.84
858,Howard,Payne,hpaynent@va.gov,Male,24.183.104.1
859,Jack,Moore,jmoorenu@bbc.co.uk,Male,18.77.128.166
860,Peter,Bishop,pbishopnv@infoseek.co.jp,Male,203.251.96.188
861,Anna,Jackson,ajacksonnw@storify.com,Female,27.33.166.44
862,Judy,Peters,jpetersnx@people.com.cn,Female,55.99.143.205
863,Louise,James,ljamesny@ezinearticles.com,Female,163.131.115.93
864,Susan,Lopez,slopeznz@admin.ch,Female,124.158.23.240
865,Patricia,Mason,pmasono0@nhs.uk,Female,224.231.151.104
866,Michael,Long,mlongo1@tripadvisor.com,Male,18.164.44.114
867,Gregory,Kim,gkimo2@sina.com.cn,Male,34.103.181.74
868,Lawrence,Hamilton,lhamiltono3@mac.com,Male,11.162.135.246
869,Ashley,Kennedy,akennedyo4@pbs.org,Female,59.182.58.164
870,Marie,Owens,mowenso5@java.com,Female,93.213.96.183
871,Christopher,Montgomery,cmontgomeryo6@stumbleupon.com,Male,133.200.88.116
872,Mark,Nichols,mnicholso7@usatoday.com,Male,18.227.246.156
873,Linda,Russell,lrussello8@mozilla.org,Female,65.142.8.45
874,Andrea,Perry,aperryo9@cisco.com,Female,97.29.149.4
875,Steven,Miller,smilleroa@gov.uk,Male,153.61.166.214
876,Robin,Weaver,rweaverob@desdev.cn,Female,248.121.132.0
877,Betty,Sullivan,bsullivanoc@theglobeandmail.com,Female,134.57.184.199
878,Amanda,Richards,arichardsod@xrea.com,Female,25.252.68.100
879,Clarence,Peters,cpetersoe@yelp.com,Male,157.3.207.97
880,Kevin,Gray,kgrayof@ocn.ne.jp,Male,54.207.152.134
881,Raymond,Armstrong,rarmstrongog@nhs.uk,Male,28.140.161.147
882,Jonathan,Carroll,jcarrolloh@barnesandnoble.com,Male,170.235.50.9
883,Bruce,Green,bgreenoi@netvibes.com,Male,99.221.206.164
884,Bobby,Woods,bwoodsoj@taobao.com,Male,226.20.103.253
885,Judy,Welch,jwelchok@artisteer.com,Female,58.153.111.191
886,Catherine,Carroll,ccarrollol@nytimes.com,Female,75.51.205.175
887,Shawn,Howell,showellom@economist.com,Male,0.129.250.53
888,Bobby,Dixon,bdixonon@indiatimes.com,Male,246.102.157.114
889,Susan,Mccoy,smccoyoo@geocities.com,Female,56.77.184.25
890,Albert,Oliver,aoliverop@godaddy.com,Male,143.35.229.145
891,Ernest,Black,eblackoq@nba.com,Male,252.135.44.0
892,Ernest,Brooks,ebrooksor@nymag.com,Male,54.65.120.136
893,Fred,Davis,fdavisos@mlb.com,Male,59.66.126.148
894,William,Burton,wburtonot@webeden.co.uk,Male,159.73.208.73
895,James,Harris,jharrisou@reverbnation.com,Male,204.191.217.151
896,Karen,Campbell,kcampbellov@va.gov,Female,142.143.141.89
897,Kevin,Banks,kbanksow@nhs.uk,Male,90.231.121.52
898,Gloria,Elliott,gelliottox@imgur.com,Female,115.238.173.223
899,Edward,Jenkins,ejenkinsoy@360.cn,Male,189.175.153.190
900,George,Armstrong,garmstrongoz@tmall.com,Male,163.157.234.52
901,Steven,Long,slongp0@intel.com,Male,212.70.130.3
902,Jeffrey,Burke,jburkep1@myspace.com,Male,83.78.223.47
903,Katherine,Lynch,klynchp2@vimeo.com,Female,182.208.213.125
904,Carl,Alvarez,calvarezp3@nba.com,Male,186.241.196.102
905,Janice,Andrews,jandrewsp4@mediafire.com,Female,53.207.197.83
906,Jeremy,Anderson,jandersonp5@rakuten.co.jp,Male,217.180.84.253
907,Beverly,Torres,btorresp6@bloglines.com,Female,37.157.77.75
908,Karen,Torres,ktorresp7@posterous.com,Female,2.181.4.101
909,James,Morrison,jmorrisonp8@icq.com,Male,225.180.80.199
910,Tammy,Campbell,tcampbellp9@wordpress.com,Female,139.216.39.184
911,Roger,Tucker,rtuckerpa@cnn.com,Male,148.33.0.179
912,Cynthia,Parker,cparkerpb@flavors.me,Female,234.78.73.50
913,Susan,Nichols,snicholspc@usgs.gov,Female,92.37.128.171
914,Catherine,Anderson,candersonpd@over-blog.com,Female,122.240.85.74
915,Elizabeth,Jordan,ejordanpe@sun.com,Female,204.79.229.30
916,Annie,Flores,aflorespf@devhub.com,Female,176.190.179.194
917,Laura,Nichols,lnicholspg@miitbeian.gov.cn,Female,240.186.245.120
918,Lori,Snyder,lsnyderph@opensource.org,Female,115.69.202.195
919,Richard,Wright,rwrightpi@latimes.com,Male,125.236.226.6
920,Mark,Collins,mcollinspj@hostgator.com,Male,108.121.237.238
921,Henry,Snyder,hsnyderpk@washingtonpost.com,Male,154.85.171.48
922,Louise,Mason,lmasonpl@time.com,Female,122.30.248.208
923,Rebecca,Spencer,rspencerpm@dagondesign.com,Female,217.92.170.122
924,Heather,Freeman,hfreemanpn@japanpost.jp,Female,133.8.202.173
925,Kathleen,Carter,kcarterpo@guardian.co.uk,Female,105.208.164.203
926,Roger,Willis,rwillispp@amazon.com,Male,117.245.88.172
927,Anne,Price,apricepq@free.fr,Female,164.66.48.32
928,Aaron,Peters,apeterspr@csmonitor.com,Male,229.34.241.42
929,Carlos,Snyder,csnyderps@huffingtonpost.com,Male,207.169.188.183
930,Marilyn,Austin,maustinpt@pbs.org,Female,199.82.144.61
931,James,Romero,jromeropu@mashable.com,Male,77.209.202.48
932,Frank,Reynolds,freynoldspv@163.com,Male,233.116.208.175
933,Shirley,Wilson,swilsonpw@bloomberg.com,Female,160.95.238.72
934,Ruby,Evans,revanspx@oakley.com,Female,60.145.10.236
935,Nancy,Scott,nscottpy@behance.net,Female,149.93.147.228
936,Janet,Hart,jhartpz@over-blog.com,Female,69.115.134.104
937,Beverly,Dixon,bdixonq0@usnews.com,Female,173.68.68.216
938,Sean,Carr,scarrq1@reuters.com,Male,117.24.188.28
939,Victor,Campbell,vcampbellq2@techcrunch.com,Male,37.82.175.83
940,Lori,Bryant,lbryantq3@github.com,Female,176.124.113.138
941,Carolyn,Martin,cmartinq4@google.ca,Female,148.133.33.126
942,Maria,Medina,mmedinaq5@shinystat.com,Female,22.10.70.118
943,Victor,Vasquez,vvasquezq6@xrea.com,Male,18.236.10.67
944,Jimmy,Wells,jwellsq7@hp.com,Male,203.161.110.23
945,Kathryn,Fox,kfoxq8@china.com.cn,Female,175.18.11.144
946,Alan,Spencer,aspencerq9@facebook.com,Male,165.134.90.189
947,Bruce,Marshall,bmarshallqa@pcworld.com,Male,138.89.0.239
948,Harry,Lawrence,hlawrenceqb@eventbrite.com,Male,6.120.68.237
949,Jesse,Allen,jallenqc@marriott.com,Male,175.75.76.102
950,George,Lopez,glopezqd@utexas.edu,Male,112.219.219.14
951,Theresa,Frazier,tfrazierqe@blog.com,Female,65.229.94.201
952,Thomas,Welch,twelchqf@economist.com,Male,244.247.3.247
953,Denise,Henderson,dhendersonqg@networksolutions.com,Female,40.93.151.164
954,Antonio,Graham,agrahamqh@scientificamerican.com,Male,88.86.172.236
955,Ruby,Jones,rjonesqi@reuters.com,Female,132.186.185.10
956,Lori,Bailey,lbaileyqj@answers.com,Female,37.239.212.143
957,Kenneth,Arnold,karnoldqk@go.com,Male,31.21.14.57
958,Mary,Willis,mwillisql@xing.com,Female,21.251.136.208
959,Daniel,Ellis,dellisqm@smugmug.com,Male,219.135.17.104
960,Ashley,Ford,afordqn@indiegogo.com,Female,110.194.224.162
961,Chris,Pierce,cpierceqo@paginegialle.it,Male,119.111.140.179
962,Julie,Mason,jmasonqp@squarespace.com,Female,157.73.155.81
963,George,Jones,gjonesqq@wikia.com,Male,242.69.171.99
964,Anna,Reynolds,areynoldsqr@51.la,Female,237.208.78.70
965,Carl,Willis,cwillisqs@merriam-webster.com,Male,211.103.139.195
966,John,Garza,jgarzaqt@blogs.com,Male,1.111.132.17
967,Chris,Kennedy,ckennedyqu@artisteer.com,Male,13.232.154.201
968,Ann,Rogers,arogersqv@amazon.de,Female,173.219.250.61
969,Norma,Peterson,npetersonqw@accuweather.com,Female,41.244.140.49
970,Cheryl,Holmes,cholmesqx@acquirethisname.com,Female,32.105.251.117
971,Johnny,Frazier,jfrazierqy@quantcast.com,Male,172.224.54.118
972,Timothy,Stevens,tstevensqz@google.com.au,Male,101.209.28.206
973,Jesse,Johnson,jjohnsonr0@csmonitor.com,Male,17.162.237.143
974,Diana,Rogers,drogersr1@naver.com,Female,130.234.188.212
975,Nicholas,Sullivan,nsullivanr2@wix.com,Male,78.214.229.206
976,Betty,Boyd,bboydr3@prweb.com,Female,23.44.186.104
977,Sara,Banks,sbanksr4@histats.com,Female,173.130.103.182
978,Stephanie,Duncan,sduncanr5@dell.com,Female,180.139.16.65
979,Melissa,Wallace,mwallacer6@topsy.com,Female,38.218.44.53
980,Keith,Sanders,ksandersr7@ftc.gov,Male,81.233.205.216
981,Paul,Mason,pmasonr8@vimeo.com,Male,34.234.220.65
982,Joan,Turner,jturnerr9@yahoo.com,Female,255.127.223.194
983,Michael,Elliott,melliottra@samsung.com,Male,199.98.207.51
984,Robert,Knight,rknightrb@upenn.edu,Male,133.103.68.184
985,Mark,Lawson,mlawsonrc@yahoo.co.jp,Male,40.121.249.125
986,Mary,Price,mpricerd@etsy.com,Female,24.195.126.161
987,Jessica,Morrison,jmorrisonre@wikispaces.com,Female,30.20.51.126
988,Antonio,Bishop,abishoprf@cbslocal.com,Male,225.229.28.115
989,Laura,Stevens,lstevensrg@ameblo.jp,Female,9.63.43.23
990,Matthew,Gardner,mgardnerrh@jalbum.net,Male,36.113.8.27
991,Lawrence,Stephens,lstephensri@constantcontact.com,Male,203.103.161.150
992,Sandra,Martinez,smartinezrj@weather.com,Female,58.151.32.217
993,Samuel,Dean,sdeanrk@prnewswire.com,Male,141.143.230.149
994,Jessica,Green,jgreenrl@arstechnica.com,Female,251.62.132.243
995,Paul,Simpson,psimpsonrm@cornell.edu,Male,171.196.244.205
996,Doris,Carpenter,dcarpenterrn@gizmodo.com,Female,104.64.71.69
997,Fred,Perry,fperryro@cam.ac.uk,Male,50.170.60.132
998,Patrick,Bennett,pbennettrp@plala.or.jp,Male,88.121.158.4
999,Clarence,Turner,cturnerrq@youtu.be,Male,183.212.147.154
1000,FabianduPavian,Ryan,pryanrr@foxnews.com,Male,87.5.192.186
